<?xml version="1.0" encoding="utf-8"?><rulebase region="en-US" timezone="Etc/GMT"><entity text="Global" name="global" has-public-name="true" singleton="true"><attribute name="1a81c111-af9c-46fa-833d-54ba913586f7" has-public-name="false" type="Currency" /><attribute name="6de1c931-2ab3-4dab-87dd-aea2c1dbd343" has-public-name="false" type="Currency" /><attribute name="5e0c56ed-6aed-4832-bcd3-f65fcff83bb7" has-public-name="false" type="Currency" /><attribute name="ad8a6443-a797-4fa8-8905-0d8191e75c2d" has-public-name="false" type="Currency" /><attribute name="169e6b38-2ddf-4c78-b389-d53030a2b96c" has-public-name="false" type="Currency" /><attribute name="c96b3251-143e-47d6-a0d9-4a284c6c2e01" has-public-name="false" type="Currency" /><attribute name="2a133396-5d06-4f3f-bb85-833d461f5ccf" has-public-name="false" type="Currency" /></entity><rules module="Class 5 - Primary_Insurance_Amount:C9BC05AC89E55A15ADB1C8CD249CE075"><conclude attr-id="169e6b38-2ddf-4c78-b389-d53030a2b96c" entity-id="global" scope-id="global0"><value><trunc><plus><plus><attribute attr-id="6de1c931-2ab3-4dab-87dd-aea2c1dbd343" /><attribute attr-id="5e0c56ed-6aed-4832-bcd3-f65fcff83bb7" /></plus><attribute attr-id="ad8a6443-a797-4fa8-8905-0d8191e75c2d" /></plus><number-value>1</number-value></trunc></value></conclude><conclude attr-id="c96b3251-143e-47d6-a0d9-4a284c6c2e01" entity-id="global" scope-id="global0"><value><attribute attr-id="2a133396-5d06-4f3f-bb85-833d461f5ccf" /></value></conclude><conclude attr-id="6de1c931-2ab3-4dab-87dd-aea2c1dbd343" entity-id="global" scope-id="global0"><value><multiply><minimum><attribute attr-id="c96b3251-143e-47d6-a0d9-4a284c6c2e01" /><number-value>895</number-value></minimum><number-value>0.9</number-value></multiply></value></conclude><conclude attr-id="1a81c111-af9c-46fa-833d-54ba913586f7" entity-id="global" scope-id="global0"><value><maximum><minus><attribute attr-id="c96b3251-143e-47d6-a0d9-4a284c6c2e01" /><number-value>895</number-value></minus><number-value>0</number-value></maximum></value></conclude><conclude attr-id="5e0c56ed-6aed-4832-bcd3-f65fcff83bb7" entity-id="global" scope-id="global0"><value><multiply><minimum><attribute attr-id="1a81c111-af9c-46fa-833d-54ba913586f7" /><number-value>4502</number-value></minimum><number-value>0.32</number-value></multiply></value></conclude><conclude attr-id="ad8a6443-a797-4fa8-8905-0d8191e75c2d" entity-id="global" scope-id="global0"><value><multiply><maximum><minus><attribute attr-id="c96b3251-143e-47d6-a0d9-4a284c6c2e01" /><number-value>5397</number-value></minus><number-value>0</number-value></maximum><number-value>0.15</number-value></multiply></value></conclude></rules></rulebase>