<?xml version="1.0" encoding="utf-8"?><rulebase region="en-US" timezone="Etc/GMT"><entity text="Global" name="global" has-public-name="true" singleton="true"><attribute name="bfc5fbdc-e806-4964-8057-3481e7a12fbe" has-public-name="false" type="Boolean" /><attribute name="546c30a6-0844-4d21-94cb-9e38cbd740f2" has-public-name="false" type="Date" /><attribute name="a927023b-1d19-475f-8f85-6f3030aa06b0" has-public-name="false" type="Date" /><attribute name="beb8e118-707d-4470-b9ab-e4774d8c1cd3" has-public-name="false" type="Date" /><attribute name="400e5ebd-cfb4-492b-8eb2-b342756f57d3" has-public-name="false" type="Number" /></entity><rules module="Class 5 - W2_Due_Date:20C1367ADCBD324B5E6A760B930C0161"><conclude attr-id="546c30a6-0844-4d21-94cb-9e38cbd740f2" entity-id="global" scope-id="global0"><value><if><attribute attr-id="bfc5fbdc-e806-4964-8057-3481e7a12fbe" /><attribute attr-id="a927023b-1d19-475f-8f85-6f3030aa06b0" /><attribute attr-id="beb8e118-707d-4470-b9ab-e4774d8c1cd3" /></if></value></conclude><conclude attr-id="a927023b-1d19-475f-8f85-6f3030aa06b0" entity-id="global" scope-id="global0"><value><make-date><attribute attr-id="400e5ebd-cfb4-492b-8eb2-b342756f57d3" /><number-value>1</number-value><number-value>31</number-value></make-date></value></conclude><conclude attr-id="bfc5fbdc-e806-4964-8057-3481e7a12fbe" entity-id="global" scope-id="global0"><value><true-value /></value><condition><equals><weekday-count><attribute attr-id="a927023b-1d19-475f-8f85-6f3030aa06b0" /><add-days><attribute attr-id="a927023b-1d19-475f-8f85-6f3030aa06b0" /><number-value>1</number-value></add-days></weekday-count><number-value>1</number-value></equals></condition><otherwise><false-value /></otherwise></conclude><conclude attr-id="beb8e118-707d-4470-b9ab-e4774d8c1cd3" entity-id="global" scope-id="global0"><value><next-day-of-the-week><attribute attr-id="a927023b-1d19-475f-8f85-6f3030aa06b0" /><string-value>Monday</string-value></next-day-of-the-week></value></conclude></rules></rulebase>