<?xml version="1.0" encoding="utf-8"?><rulebase region="en-US" timezone="Etc/GMT"><entity text="Global" name="global" has-public-name="true" singleton="true"><attribute name="3b3185fd-6694-426c-b7a5-29048ff64b73" has-public-name="false" type="Boolean" /><attribute name="5a8d8c98-8a58-47a3-872e-dd7fc085af87" has-public-name="false" type="Boolean" /><attribute name="7684026d-b66e-48a7-9344-9cb2268fbe49" has-public-name="false" type="Boolean" /><attribute name="7defba73-a9dc-4443-b724-7bb6ed771bf7" has-public-name="false" type="Number" /><attribute name="351658b6-6f23-48f4-a5ab-32cfb73a2f01" has-public-name="false" type="Number" /><attribute name="4ce5e90e-e862-43e5-9fdc-288155a0997d" has-public-name="false" type="Number" /><attribute name="5e09dede-1db3-45e2-af70-aad362d79be0" has-public-name="false" type="Number" /><attribute name="6e18ee4b-ab8c-4b9f-9138-9177771b5da0" has-public-name="false" type="Number" /><attribute name="f18af40c-92e2-4fb5-bfc3-d8fe92c0fd67" has-public-name="false" type="Number" /><attribute name="a829a302-80a8-4d33-b70a-55a0412099a9" has-public-name="false" type="Number" /><attribute name="79511f85-e466-44ff-8ded-e2ee6b5d902c" has-public-name="false" type="Number" /><attribute name="e628dde6-1904-4739-9e36-83942637d790" has-public-name="false" type="Number" /><attribute name="c15ad1c2-1c0f-4489-b9f7-73b6c11cceed" has-public-name="false" type="Date" /></entity><rules module="Class 8 - TBR:0E15D0E30D9E72C48443AF5E5FB6A385"><conclude attr-id="3b3185fd-6694-426c-b7a5-29048ff64b73" entity-id="global" scope-id="global0"><value><true-value /></value><condition><and><less-than><attribute attr-id="7defba73-a9dc-4443-b724-7bb6ed771bf7" /><number-value>10000</number-value></less-than><attribute attr-id="5a8d8c98-8a58-47a3-872e-dd7fc085af87" /><greater-than><attribute attr-id="351658b6-6f23-48f4-a5ab-32cfb73a2f01" /><attribute attr-id="4ce5e90e-e862-43e5-9fdc-288155a0997d" /></greater-than></and></condition><otherwise><false-value /></otherwise></conclude><table-conclude entity-id="global" scope-id="global0"><condition-col><rows><condition><temporal-before><date-value>2018-03-05</date-value></temporal-before></condition><empty /></rows></condition-col><conclusion-col attr-id="4ce5e90e-e862-43e5-9fdc-288155a0997d"><value><number-value>3</number-value></value><value><number-value>2</number-value></value></conclusion-col></table-conclude><conclude attr-id="5e09dede-1db3-45e2-af70-aad362d79be0" entity-id="global" scope-id="global0"><value><interval-daily-sum><date-value>2018-03-01</date-value><date-value>2018-03-31</date-value><attribute attr-id="6e18ee4b-ab8c-4b9f-9138-9177771b5da0" /></interval-daily-sum></value></conclude><conclude attr-id="f18af40c-92e2-4fb5-bfc3-d8fe92c0fd67" entity-id="global" scope-id="global0"><value><interval-daily-sum-if><date-value>2018-03-01</date-value><date-value>2018-03-31</date-value><attribute attr-id="6e18ee4b-ab8c-4b9f-9138-9177771b5da0" /><attribute attr-id="5a8d8c98-8a58-47a3-872e-dd7fc085af87" /></interval-daily-sum-if></value></conclude><conclude attr-id="a829a302-80a8-4d33-b70a-55a0412099a9" entity-id="global" scope-id="global0"><value><interval-maximum><earliest /><latest /><attribute attr-id="6e18ee4b-ab8c-4b9f-9138-9177771b5da0" /></interval-maximum></value></conclude><conclude attr-id="7684026d-b66e-48a7-9344-9cb2268fbe49" entity-id="global" scope-id="global0"><value><true-value /></value><condition><interval-always><date-value>2018-03-01</date-value><date-value>2018-03-31</date-value><attribute attr-id="5a8d8c98-8a58-47a3-872e-dd7fc085af87" /></interval-always></condition><otherwise><false-value /></otherwise></conclude><conclude attr-id="79511f85-e466-44ff-8ded-e2ee6b5d902c" entity-id="global" scope-id="global0"><value><value-at><current-date /><attribute attr-id="6e18ee4b-ab8c-4b9f-9138-9177771b5da0" /></value-at></value></conclude><conclude attr-id="e628dde6-1904-4739-9e36-83942637d790" entity-id="global" scope-id="global0"><value><temporal-years-since><attribute attr-id="c15ad1c2-1c0f-4489-b9f7-73b6c11cceed" /><date-value>2050-12-31</date-value></temporal-years-since></value></conclude></rules></rulebase>