<?xml version="1.0" encoding="utf-8"?><rulebase region="en-US" timezone="Etc/GMT"><entity text="Global" name="global" has-public-name="true" singleton="true"><attribute name="7d176a54-ac8d-487c-b7ac-b2108813e65c" has-public-name="false" type="Boolean" /><attribute name="d708880d-2a4e-4be2-a9fe-2e4becca17b9" has-public-name="false" type="Boolean" /><attribute name="3d33ad01-43b3-48c8-a42c-fadae9930ab5" has-public-name="false" type="Number" /><attribute name="7dd479bd-ca91-4201-ab70-a7ba57b6c734" has-public-name="false" type="Number" /><attribute name="803d2981-5123-469d-b8c9-d8a513844de2" has-public-name="false" type="Number" /><attribute name="a4dcace4-06ec-4799-9284-539dbd9193cc" has-public-name="false" type="Number" /><attribute name="9aa8a16a-d094-4443-9372-cb2786aafcf8" has-public-name="false" type="Number" /><attribute name="a51f9e42-a25a-4022-90da-f751ad3388b2" has-public-name="false" type="Number" /><attribute name="68563e86-22fc-4c4b-b655-cbc7f028e941" has-public-name="false" type="Number" /><attribute name="f0dca9b8-3b97-4c95-8a63-59fdd21ae74a" has-public-name="false" type="Boolean" /><attribute name="3390e06f-f0c0-4692-98b2-faac7f9c5380" has-public-name="false" type="Number" /><attribute name="7400c856-aa60-4f51-b488-35855901303e" has-public-name="false" type="Number" /><attribute name="94a9e089-75b1-4942-8f87-6fe0f3e255e4" has-public-name="false" type="Date" /></entity><rules module="Class 8 - TBR:F8B81606DBFC744D1637E36C56B6D81E"><conclude attr-id="7d176a54-ac8d-487c-b7ac-b2108813e65c" entity-id="global" scope-id="global0"><value><true-value /></value><condition><and><less-than><attribute attr-id="3d33ad01-43b3-48c8-a42c-fadae9930ab5" /><number-value>10000</number-value></less-than><attribute attr-id="d708880d-2a4e-4be2-a9fe-2e4becca17b9" /><greater-than><attribute attr-id="7dd479bd-ca91-4201-ab70-a7ba57b6c734" /><attribute attr-id="803d2981-5123-469d-b8c9-d8a513844de2" /></greater-than></and></condition><otherwise><false-value /></otherwise></conclude><table-conclude entity-id="global" scope-id="global0"><condition-col><rows><condition><temporal-before><date-value>2018-03-05</date-value></temporal-before></condition><empty /></rows></condition-col><conclusion-col attr-id="803d2981-5123-469d-b8c9-d8a513844de2"><value><number-value>3</number-value></value><value><number-value>2</number-value></value></conclusion-col></table-conclude><conclude attr-id="a4dcace4-06ec-4799-9284-539dbd9193cc" entity-id="global" scope-id="global0"><value><interval-daily-sum><date-value>2018-03-01</date-value><date-value>2018-03-31</date-value><attribute attr-id="9aa8a16a-d094-4443-9372-cb2786aafcf8" /></interval-daily-sum></value></conclude><conclude attr-id="a51f9e42-a25a-4022-90da-f751ad3388b2" entity-id="global" scope-id="global0"><value><interval-daily-sum-if><date-value>2018-03-01</date-value><date-value>2018-03-31</date-value><attribute attr-id="9aa8a16a-d094-4443-9372-cb2786aafcf8" /><attribute attr-id="d708880d-2a4e-4be2-a9fe-2e4becca17b9" /></interval-daily-sum-if></value></conclude><conclude attr-id="68563e86-22fc-4c4b-b655-cbc7f028e941" entity-id="global" scope-id="global0"><value><interval-maximum><earliest /><latest /><attribute attr-id="9aa8a16a-d094-4443-9372-cb2786aafcf8" /></interval-maximum></value></conclude><conclude attr-id="f0dca9b8-3b97-4c95-8a63-59fdd21ae74a" entity-id="global" scope-id="global0"><value><true-value /></value><condition><interval-always><date-value>2018-03-01</date-value><date-value>2018-03-31</date-value><attribute attr-id="d708880d-2a4e-4be2-a9fe-2e4becca17b9" /></interval-always></condition><otherwise><false-value /></otherwise></conclude><conclude attr-id="3390e06f-f0c0-4692-98b2-faac7f9c5380" entity-id="global" scope-id="global0"><value><value-at><current-date /><attribute attr-id="9aa8a16a-d094-4443-9372-cb2786aafcf8" /></value-at></value></conclude><conclude attr-id="7400c856-aa60-4f51-b488-35855901303e" entity-id="global" scope-id="global0"><value><temporal-years-since><attribute attr-id="94a9e089-75b1-4942-8f87-6fe0f3e255e4" /><date-value>2050-12-31</date-value></temporal-years-since></value></conclude></rules></rulebase>