<?xml version="1.0" encoding="utf-8"?><rulebase region="en-AU" timezone="Etc/GMT"><entity text="Global" name="global" has-public-name="true" singleton="true"><attribute name="ce93dac7-c4c4-41e9-9717-977fecec373d" has-public-name="false" type="Boolean" /><attribute name="65b81a7e-f8da-42ae-ab98-1f855611f0ca" has-public-name="false" type="Number" /></entity><entity text="the person" name="a3d9bace-c7cf-4a97-b00c-2e57a341437e" has-public-name="false" singleton="false" identifying-attribute-name="person"><attribute name="person" has-public-name="true" type="Text" /><attribute name="98c1b097-3c15-41a1-af63-f38423a44726" has-public-name="false" type="Boolean" /><attribute name="e56bffbb-a8b2-4716-aeb0-177afcb88dc1" has-public-name="false" type="Number" /><attribute name="f51617ab-00f1-49ef-ad2e-416e0e62674c" has-public-name="false" type="Boolean" /><attribute name="83497afb-b595-4509-ba5b-d7b3d834d27f" has-public-name="false" type="Boolean" /><attribute name="ec599599-45c0-4d36-8b34-bd32016ddbbc" has-public-name="false" type="Boolean" /><attribute name="0fb590f2-a1d4-428d-9dab-b55e98cd9dc8" has-public-name="false" type="Boolean" /><attribute name="8cad13af-bc45-437c-93eb-54dc995a4519" has-public-name="false" type="Boolean" /><attribute name="d71ae45e-8d1f-43ef-ab1e-b7f932cf1092" has-public-name="false" type="Boolean" /></entity><entity text="the destination" name="177831ce-1a2d-48fd-9cb8-d9d74f012d07" has-public-name="false" singleton="false" identifying-attribute-name="destination"><attribute name="destination" has-public-name="true" type="Text" /></entity><relationship relationship-id="888ddadc-5b3a-4242-87e3-1375bb58fbb9" has-public-name="false" relationship-text="the people" reverse-relationship-id="94a34da9-c326-4738-a231-e429f84cc423" has-reverse-public-name="false" source="global" target="a3d9bace-c7cf-4a97-b00c-2e57a341437e" silent-if-known="true" invisible-if-known="true" type="OneToMany" is-containment="true" /><relationship relationship-id="25d5a464-99a9-46e1-b5c0-803b28bd0ec6" has-public-name="false" relationship-text="the person's obligors" reverse-relationship-id="b56b4fe7-76a2-47fd-8c61-38fe726b0419" has-reverse-public-name="false" reverse-relationship-text="the person's obligees" source="a3d9bace-c7cf-4a97-b00c-2e57a341437e" target="a3d9bace-c7cf-4a97-b00c-2e57a341437e" silent-if-known="true" invisible-if-known="true" type="ManyToMany" is-containment="false" /><relationship relationship-id="4628b071-3117-43aa-9c64-aea2f82237fd" has-public-name="false" relationship-text="the destinations" reverse-relationship-id="511685b2-3158-4490-8513-53114dbc47e9" has-reverse-public-name="false" source="global" target="177831ce-1a2d-48fd-9cb8-d9d74f012d07" silent-if-known="true" invisible-if-known="true" type="OneToMany" is-containment="true" /><rules module="Class 6 - Entities:E13993DCC843C59225C4A218650FFDB6"><conclude attr-id="98c1b097-3c15-41a1-af63-f38423a44726" entity-id="a3d9bace-c7cf-4a97-b00c-2e57a341437e" scope-id="ent0_0"><value><true-value /></value><condition><less-than><attribute attr-id="e56bffbb-a8b2-4716-aeb0-177afcb88dc1" /><number-value>18</number-value></less-than></condition><otherwise><false-value /></otherwise></conclude><conclude attr-id="f51617ab-00f1-49ef-ad2e-416e0e62674c" entity-id="a3d9bace-c7cf-4a97-b00c-2e57a341437e" scope-id="ent0_0"><value><true-value /></value><condition><or><and><attribute attr-id="83497afb-b595-4509-ba5b-d7b3d834d27f" /><attribute attr-id="ec599599-45c0-4d36-8b34-bd32016ddbbc" /></and><and><not><attribute attr-id="83497afb-b595-4509-ba5b-d7b3d834d27f" /></not><attribute attr-id="0fb590f2-a1d4-428d-9dab-b55e98cd9dc8" /></and></or></condition><otherwise><false-value /></otherwise></conclude><conclude attr-id="ec599599-45c0-4d36-8b34-bd32016ddbbc" entity-id="a3d9bace-c7cf-4a97-b00c-2e57a341437e" scope-id="ent0_0"><value><true-value /></value><condition><and><greater-than-equals><attribute attr-id="e56bffbb-a8b2-4716-aeb0-177afcb88dc1" /><number-value>21</number-value></greater-than-equals><attribute attr-id="8cad13af-bc45-437c-93eb-54dc995a4519" /></and></condition><otherwise><false-value /></otherwise></conclude><conclude attr-id="0fb590f2-a1d4-428d-9dab-b55e98cd9dc8" entity-id="a3d9bace-c7cf-4a97-b00c-2e57a341437e" scope-id="ent0_0"><value><true-value /></value><condition><and><greater-than-equals><attribute attr-id="e56bffbb-a8b2-4716-aeb0-177afcb88dc1" /><number-value>26</number-value></greater-than-equals><attribute attr-id="d71ae45e-8d1f-43ef-ab1e-b7f932cf1092" /></and></condition><otherwise><false-value /></otherwise></conclude><conclude attr-id="ce93dac7-c4c4-41e9-9717-977fecec373d" entity-id="global" scope-id="global0"><value><true-value /></value><condition><exists scope-id="ent0_0"><relationship relationship-id="888ddadc-5b3a-4242-87e3-1375bb58fbb9" target-entity-id="a3d9bace-c7cf-4a97-b00c-2e57a341437e" /><attribute attr-id="f51617ab-00f1-49ef-ad2e-416e0e62674c" /></exists></condition><otherwise><false-value /></otherwise></conclude><conclude attr-id="65b81a7e-f8da-42ae-ab98-1f855611f0ca" entity-id="global" scope-id="global0"><value><instance-count-if scope-id="ent0_0"><relationship relationship-id="888ddadc-5b3a-4242-87e3-1375bb58fbb9" target-entity-id="a3d9bace-c7cf-4a97-b00c-2e57a341437e" /><attribute attr-id="98c1b097-3c15-41a1-af63-f38423a44726" /></instance-count-if></value></conclude></rules></rulebase>