<?xml version="1.0" encoding="utf-8"?><rulebase region="es-US" timezone="Etc/GMT"><entity text="Global" name="global" has-public-name="true" singleton="true"><attribute name="248f64c2-2f22-492f-a8f9-5040ba9e8c2d" has-public-name="false" type="Boolean" /><attribute name="1816ba06-de98-4266-b695-a253f6861d90" has-public-name="false" type="Boolean" /><attribute name="cf842334-1477-4805-9681-4995400cd013" has-public-name="false" type="Boolean" /></entity><rules module="Nuevo proyecto:6AAE4D4D4127F173D07EB26A44A75277"><conclude attr-id="248f64c2-2f22-492f-a8f9-5040ba9e8c2d" entity-id="global" scope-id="global0"><value><true-value /></value><condition><and><attribute attr-id="1816ba06-de98-4266-b695-a253f6861d90" /><attribute attr-id="cf842334-1477-4805-9681-4995400cd013" /></and></condition><otherwise><false-value /></otherwise></conclude></rules></rulebase>