<?xml version="1.0" encoding="utf-8"?><rulebase region="en-AU" timezone="Etc/GMT"><entity text="Global" name="global" has-public-name="true" singleton="true"><attribute name="008ebdb8-79fa-44e6-8bb0-79bbfbfe8810" has-public-name="false" type="Boolean" /><attribute name="2f7ec83e-889a-4561-b0e5-6e7405fd6b55" has-public-name="false" type="Boolean" /><attribute name="271a0c5a-faef-45a0-af71-904d008d02a7" has-public-name="false" type="Boolean" /><attribute name="88b948d8-835e-47e9-8184-dad4a31d130c" has-public-name="false" type="Boolean" /><attribute name="a2a07527-505e-47a1-9c75-a583ab1f1f6f" has-public-name="false" type="Date" /><attribute name="74bfa207-7f31-43c1-b06c-71b4d238a0cd" has-public-name="false" type="Date" /><attribute name="472dbdc9-9323-45ae-b6ba-606900483a03" has-public-name="false" type="Date" /><attribute name="e6cf0fda-684d-4a4b-b5b9-88dc912407b9" has-public-name="false" type="Boolean" /><attribute name="af8cbd68-6c17-4c13-8a7d-b6eb966ef6fb" has-public-name="false" type="Date" /><attribute name="a2c3fa77-565a-497e-ad23-f94b64be73ff" has-public-name="false" type="Date" /><attribute name="941b3e98-58c3-4929-b709-597455fb2986" has-public-name="false" type="Number" /><attribute name="c0453477-c157-416d-9b45-f4ba5a77bf97" has-public-name="false" type="Number" /><attribute name="d0d9d0a2-94f7-46a6-9e3e-4a7328da23ca" has-public-name="false" type="Text" /><attribute name="b569d10f-ab14-4863-ae2e-6142b8a645dc" has-public-name="false" type="Boolean" /><attribute name="7e617d67-554e-4313-8cfd-e4d06b8b0ec7" has-public-name="false" type="Boolean" /><attribute name="6ed841f2-5811-42f5-86be-51a616af918a" has-public-name="false" type="Boolean" /><attribute name="7119b019-0a17-400c-87ca-a39aa24a5b66" has-public-name="false" type="Boolean" /><attribute name="1a309631-7c71-41ec-a9fc-3070315b48c4" has-public-name="false" type="Boolean" /><attribute name="state_being_visited" has-public-name="true" type="Text" /><attribute name="d7123926-bcea-4c33-86b0-a7d0f26d9e6d" has-public-name="false" type="Number" /><attribute name="b49ad1af-ddbf-4188-b220-82e551fecfbc" has-public-name="false" type="Boolean" /><attribute name="0fc42ead-2621-41e4-81b5-66e16185787e" has-public-name="false" type="Boolean" /><attribute name="5dfe3e4a-5514-40a2-9728-0067ad2f796c" has-public-name="false" type="Boolean" /><attribute name="c0e92ba8-fc58-4264-8ce0-6c927cfde274" has-public-name="false" type="Text" /></entity><rules module="Class 6 - Refresher:E8CB0078BCC1E8CEC8FA8935161317E2"><conclude attr-id="008ebdb8-79fa-44e6-8bb0-79bbfbfe8810" entity-id="global" scope-id="global0"><value><true-value /></value><condition><or><attribute attr-id="2f7ec83e-889a-4561-b0e5-6e7405fd6b55" /><attribute attr-id="271a0c5a-faef-45a0-af71-904d008d02a7" /><attribute attr-id="88b948d8-835e-47e9-8184-dad4a31d130c" /></or></condition><otherwise><false-value /></otherwise></conclude><conclude attr-id="2f7ec83e-889a-4561-b0e5-6e7405fd6b55" entity-id="global" scope-id="global0"><value><true-value /></value><condition><and><greater-than-equals><attribute attr-id="a2a07527-505e-47a1-9c75-a583ab1f1f6f" /><attribute attr-id="74bfa207-7f31-43c1-b06c-71b4d238a0cd" /></greater-than-equals><less-than-equals><attribute attr-id="a2a07527-505e-47a1-9c75-a583ab1f1f6f" /><add-weeks><attribute attr-id="472dbdc9-9323-45ae-b6ba-606900483a03" /><number-value>6</number-value></add-weeks></less-than-equals></and></condition><otherwise><false-value /></otherwise></conclude><conclude attr-id="271a0c5a-faef-45a0-af71-904d008d02a7" entity-id="global" scope-id="global0"><value><true-value /></value><condition><and><greater-than-equals><attribute attr-id="a2a07527-505e-47a1-9c75-a583ab1f1f6f" /><attribute attr-id="472dbdc9-9323-45ae-b6ba-606900483a03" /></greater-than-equals><less-than-equals><attribute attr-id="a2a07527-505e-47a1-9c75-a583ab1f1f6f" /><attribute attr-id="af8cbd68-6c17-4c13-8a7d-b6eb966ef6fb" /></less-than-equals></and></condition><otherwise><false-value /></otherwise></conclude><conclude attr-id="88b948d8-835e-47e9-8184-dad4a31d130c" entity-id="global" scope-id="global0"><value><true-value /></value><condition><and><attribute attr-id="e6cf0fda-684d-4a4b-b5b9-88dc912407b9" /><greater-than-equals><attribute attr-id="a2a07527-505e-47a1-9c75-a583ab1f1f6f" /><attribute attr-id="472dbdc9-9323-45ae-b6ba-606900483a03" /></greater-than-equals><less-than-equals><attribute attr-id="a2a07527-505e-47a1-9c75-a583ab1f1f6f" /><attribute attr-id="a2c3fa77-565a-497e-ad23-f94b64be73ff" /></less-than-equals></and></condition><otherwise><false-value /></otherwise></conclude><conclude attr-id="a2c3fa77-565a-497e-ad23-f94b64be73ff" entity-id="global" scope-id="global0"><value><add-years><attribute attr-id="472dbdc9-9323-45ae-b6ba-606900483a03" /><number-value>1</number-value></add-years></value></conclude><conclude attr-id="af8cbd68-6c17-4c13-8a7d-b6eb966ef6fb" entity-id="global" scope-id="global0"><value><add-months><attribute attr-id="472dbdc9-9323-45ae-b6ba-606900483a03" /><number-value>6</number-value></add-months></value></conclude><conclude attr-id="a2a07527-505e-47a1-9c75-a583ab1f1f6f" entity-id="global" scope-id="global0"><value><current-date /></value></conclude><table-conclude entity-id="global" scope-id="global0"><condition-col><rows><condition><equals><attribute attr-id="d0d9d0a2-94f7-46a6-9e3e-4a7328da23ca" /><string-value>Annual</string-value></equals></condition><condition><equals><attribute attr-id="d0d9d0a2-94f7-46a6-9e3e-4a7328da23ca" /><string-value>Quarterly</string-value></equals></condition><condition><equals><attribute attr-id="d0d9d0a2-94f7-46a6-9e3e-4a7328da23ca" /><string-value>Monthly</string-value></equals></condition><condition><equals><attribute attr-id="d0d9d0a2-94f7-46a6-9e3e-4a7328da23ca" /><string-value>Biweekly</string-value></equals></condition><condition><equals><attribute attr-id="d0d9d0a2-94f7-46a6-9e3e-4a7328da23ca" /><string-value>Weekly</string-value></equals></condition><condition><equals><attribute attr-id="d0d9d0a2-94f7-46a6-9e3e-4a7328da23ca" /><string-value>Daily</string-value></equals></condition><empty /></rows></condition-col><conclusion-col attr-id="941b3e98-58c3-4929-b709-597455fb2986"><value><divide><attribute attr-id="c0453477-c157-416d-9b45-f4ba5a77bf97" /><number-value>12</number-value></divide></value><value><divide><attribute attr-id="c0453477-c157-416d-9b45-f4ba5a77bf97" /><number-value>3</number-value></divide></value><value><attribute attr-id="c0453477-c157-416d-9b45-f4ba5a77bf97" /></value><value><divide><multiply><attribute attr-id="c0453477-c157-416d-9b45-f4ba5a77bf97" /><number-value>4.3</number-value></multiply><number-value>2</number-value></divide></value><value><multiply><attribute attr-id="c0453477-c157-416d-9b45-f4ba5a77bf97" /><number-value>4.3</number-value></multiply></value><value><multiply><multiply><attribute attr-id="c0453477-c157-416d-9b45-f4ba5a77bf97" /><number-value>4.3</number-value></multiply><number-value>7</number-value></multiply></value><value><uncertain-value /></value></conclusion-col></table-conclude><table-conclude entity-id="global" scope-id="global0"><condition-col><header><attribute attr-id="state_being_visited" /></header><rows><equals><string-value>Alaska</string-value></equals><equals><string-value>Arizona</string-value></equals><equals><string-value>California</string-value></equals><equals><string-value>Colorado</string-value></equals><equals><string-value>Delaware</string-value></equals><equals><string-value>D.C.</string-value></equals><equals><string-value>Maine</string-value></equals><equals><string-value>Nevada</string-value></equals><equals><string-value>New Hampshire</string-value></equals><equals><string-value>Ohio</string-value></equals><equals><string-value>Oregon</string-value></equals><equals><string-value>Rhode Island</string-value></equals><equals><string-value>Washington</string-value></equals><empty /></rows></condition-col><condition-col><header><attribute attr-id="d7123926-bcea-4c33-86b0-a7d0f26d9e6d" /></header><rows><greater-than-equals><number-value>21</number-value></greater-than-equals><empty span="2" /><greater-than-equals><number-value>21</number-value></greater-than-equals><empty /><greater-than-equals><number-value>21</number-value></greater-than-equals><empty span="4" /><greater-than-equals><number-value>21</number-value></greater-than-equals><empty /><greater-than-equals><number-value>21</number-value></greater-than-equals><empty /></rows></condition-col><condition-col><header><attribute attr-id="b49ad1af-ddbf-4188-b220-82e551fecfbc" /></header><rows><empty /><equals><true-value /></equals><empty span="2" /><equals><true-value /></equals><empty /><equals span="3"><true-value /></equals><empty span="2" /><equals><true-value /></equals><empty span="2" /></rows></condition-col><condition-col><rows><empty /><condition><attribute attr-id="b569d10f-ab14-4863-ae2e-6142b8a645dc" /></condition><condition><attribute attr-id="7e617d67-554e-4313-8cfd-e4d06b8b0ec7" /></condition><empty /><condition><attribute attr-id="6ed841f2-5811-42f5-86be-51a616af918a" /></condition><empty span="2" /><condition><attribute attr-id="7119b019-0a17-400c-87ca-a39aa24a5b66" /></condition><condition><attribute attr-id="1a309631-7c71-41ec-a9fc-3070315b48c4" /></condition><empty span="5" /></rows></condition-col><conclusion-col attr-id="0fc42ead-2621-41e4-81b5-66e16185787e"><value><true-value /></value><value><false-value /></value><value span="2"><true-value /></value><value span="3"><false-value /></value><value><true-value /></value><value><false-value /></value><value><uncertain-value /></value><value><true-value /></value><value><false-value /></value><value><true-value /></value><value><false-value /></value></conclusion-col><conclusion-col attr-id="5dfe3e4a-5514-40a2-9728-0067ad2f796c"><value span="9"><true-value /></value><value><uncertain-value /></value><value span="3"><true-value /></value><value><false-value /></value></conclusion-col><conclusion-col attr-id="c0e92ba8-fc58-4264-8ce0-6c927cfde274"><empty span="3" /><value><string-value /></value><empty span="6" /><value><string-value>Nonresidents may get Oregon medical marijuana ID cards.</string-value></value><empty span="2" /><value><uncertain-value /></value></conclusion-col></table-conclude></rules></rulebase>