<?xml version="1.0" encoding="utf-8"?><rulebase region="en-AU" timezone="Etc/GMT"><entity text="Global" name="global" has-public-name="true" singleton="true"><attribute name="e47917bb-5faa-4b11-b378-9d3cb829e5a8" has-public-name="false" type="Number" /><attribute name="1cb4286d-83dc-4a0f-9482-0e5e9bbe01eb" has-public-name="false" type="Number" /><attribute name="17da3c0e-a2e2-4110-a5e7-ae1251a0eaf9" has-public-name="false" type="Number" /><attribute name="c364c8ba-c5a1-4a66-80f3-ac3008e22718" has-public-name="false" type="Number" /><attribute name="bc94f258-ecc8-45c6-bc03-976a6e9494f8" has-public-name="false" type="Number" /><attribute name="86d6a002-462f-4767-ba16-1f5c971aff26" has-public-name="false" type="Number" /></entity><rules module="Class 5 - Australian Tax Withholding:A460E769A28D10C44CADF0AFEEEC7788"><conclude attr-id="e47917bb-5faa-4b11-b378-9d3cb829e5a8" entity-id="global" scope-id="global0"><value><minus><multiply><attribute attr-id="1cb4286d-83dc-4a0f-9482-0e5e9bbe01eb" /><attribute attr-id="17da3c0e-a2e2-4110-a5e7-ae1251a0eaf9" /></multiply><attribute attr-id="c364c8ba-c5a1-4a66-80f3-ac3008e22718" /></minus></value></conclude><conclude attr-id="17da3c0e-a2e2-4110-a5e7-ae1251a0eaf9" entity-id="global" scope-id="global0"><value><attribute attr-id="bc94f258-ecc8-45c6-bc03-976a6e9494f8" /></value></conclude><conclude attr-id="bc94f258-ecc8-45c6-bc03-976a6e9494f8" entity-id="global" scope-id="global0"><value><plus><trunc><attribute attr-id="86d6a002-462f-4767-ba16-1f5c971aff26" /><number-value>0</number-value></trunc><number-value>0.99</number-value></plus></value></conclude><table-conclude entity-id="global" scope-id="global0"><condition-col><header><attribute attr-id="17da3c0e-a2e2-4110-a5e7-ae1251a0eaf9" /></header><rows><less-than><number-value>66</number-value></less-than><less-than><number-value>361</number-value></less-than><less-than><number-value>932</number-value></less-than><less-than><number-value>1323</number-value></less-than><less-than><number-value>3111</number-value></less-than><greater-than-equals><number-value>3111</number-value></greater-than-equals><empty /></rows></condition-col><conclusion-col attr-id="1cb4286d-83dc-4a0f-9482-0e5e9bbe01eb"><value><number-value>0.19</number-value></value><value><number-value>0.2337</number-value></value><value><number-value>0.3477</number-value></value><value><number-value>0.345</number-value></value><value><number-value>0.39</number-value></value><value><number-value>0.47</number-value></value><value><uncertain-value /></value></conclusion-col><conclusion-col attr-id="c364c8ba-c5a1-4a66-80f3-ac3008e22718"><value><number-value>0.19</number-value></value><value><number-value>2.9035</number-value></value><value><number-value>44.1189</number-value></value><value><number-value>41.6024</number-value></value><value><number-value>101.1408</number-value></value><value><number-value>350.0639</number-value></value><value><uncertain-value /></value></conclusion-col></table-conclude></rules></rulebase>