<?xml version="1.0" encoding="utf-8"?><rulebase region="en-US" timezone="Etc/GMT"><entity text="Global" name="global" has-public-name="true" singleton="true"><attribute name="5294730a-5094-43af-a450-67ad8f8b8f7c" has-public-name="false" type="Number" /><attribute name="d05cd8ef-e4fc-4f58-b325-edcae1b87c78" has-public-name="false" type="Boolean" /><attribute name="2629e805-1fd4-457b-b56b-5cdf27f72e5a" has-public-name="false" type="Boolean" /><attribute name="cb03429e-6b39-49f8-9243-d44ab72a3597" has-public-name="false" type="Text" /><attribute name="fc0eb6c8-a1e2-45d4-b2d5-73428bb52477" has-public-name="false" type="Text" /><attribute name="a1b31ec4-7ccd-4b18-b36e-f18039ae49c7" has-public-name="false" type="Currency" /><attribute name="0bce9289-c954-4fbd-8c84-62211a491847" has-public-name="false" type="Currency" /></entity><rules module="Class 5 - Tables_in_Excel:BBFC4AA69F484A6E4DD909FD48EF2743"><conclude attr-id="d05cd8ef-e4fc-4f58-b325-edcae1b87c78" entity-id="global" scope-id="global0"><value><true-value /></value><condition><greater-than-equals><attribute attr-id="5294730a-5094-43af-a450-67ad8f8b8f7c" /><number-value>16</number-value></greater-than-equals></condition><otherwise><false-value /></otherwise></conclude><table-conclude entity-id="global" scope-id="global0"><condition-col><header><attribute attr-id="d05cd8ef-e4fc-4f58-b325-edcae1b87c78" /></header><rows><equals span="6"><true-value /></equals><equals span="3"><false-value /></equals><empty /></rows></condition-col><condition-col><header><attribute attr-id="2629e805-1fd4-457b-b56b-5cdf27f72e5a" /></header><rows><equals span="3"><false-value /></equals><equals span="3"><true-value /></equals><empty span="4" /></rows></condition-col><condition-col><header><attribute attr-id="cb03429e-6b39-49f8-9243-d44ab72a3597" /></header><rows><equals><string-value>Book</string-value></equals><equals><string-value>Card</string-value></equals><equals><string-value>Both</string-value></equals><equals><string-value>Book</string-value></equals><equals><string-value>Card</string-value></equals><equals><string-value>Both</string-value></equals><equals><string-value>Book</string-value></equals><equals><string-value>Card</string-value></equals><equals><string-value>Both</string-value></equals><empty /></rows></condition-col><conclusion-col attr-id="fc0eb6c8-a1e2-45d4-b2d5-73428bb52477"><value span="3"><string-value>DS-11</string-value></value><value span="3"><string-value>DS-82</string-value></value><value span="3"><string-value>DS-11</string-value></value><value><uncertain-value /></value></conclusion-col><conclusion-col attr-id="a1b31ec4-7ccd-4b18-b36e-f18039ae49c7"><value><number-value>110</number-value></value><value><number-value>30</number-value></value><value><number-value>140</number-value></value><value><number-value>110</number-value></value><value><number-value>30</number-value></value><value><number-value>140</number-value></value><value><number-value>80</number-value></value><value><number-value>15</number-value></value><value><number-value>95</number-value></value><value><uncertain-value /></value></conclusion-col><conclusion-col attr-id="0bce9289-c954-4fbd-8c84-62211a491847"><value span="3"><number-value>25</number-value></value><value span="3"><number-value>0</number-value></value><value span="3"><number-value>25</number-value></value><value><uncertain-value /></value></conclusion-col></table-conclude></rules></rulebase>