﻿<?xml version="1.0" encoding="utf-8"?>
<root product-version="12.2.9.975">
  <entities>
    <entity ref="global">
      <attribute name="06145c55-f4df-4ba8-b444-bba6bbec0a24" type="auto">
        <text>
          <base>the household's city of residence</base>
        </text>
      </attribute>
      <attribute name="eb1c3d29-f296-4ddc-9588-e0335ec66871" type="auto">
        <text>
          <base>the family size</base>
        </text>
      </attribute>
      <attribute name="ff4566be-eac5-4f46-bb23-faa308053377" type="auto">
        <text>
          <base>the household's annual income</base>
        </text>
      </attribute>
      <attribute name="4746a883-77e9-4052-8182-bee571b113ed" type="auto">
        <text>
          <base>the number of hours the parents work per week</base>
        </text>
      </attribute>
      <attribute name="3079127b-c02b-4742-bb92-6922e0351c16" type="boolean">
        <text>
          <base>the household meets the teen parent test (if applicable)</base>
          <parse>s(ver('12.2.9.975'),v(meet,t(simple,present,normal)),sb('the household',singular),o('the teen parent test (if applicable)'))</parse>
        </text>
      </attribute>
      <attribute name="8d0b3156-27bc-400c-a748-7da17180760d" type="boolean">
        <text>
          <base>the parents go to school or training at least 10 hours per week</base>
          <parse>s(ver('12.2.9.975'),v(go,t(simple,present,normal)),sb('the parents',plural),o('to school or training at least 10 hours per week'))</parse>
        </text>
      </attribute>
      <attribute name="00c82a57-36a6-4d77-bf84-c42c8dae6df2" type="boolean">
        <text>
          <base>the parents work at least 20 hours per week</base>
          <parse>s(ver('12.2.9.975'),v(work,t(simple,present,normal)),sb('the parents',plural),o('at least 20 hours per week'))</parse>
        </text>
      </attribute>
    </entity>
    <entity id="16874da4-8408-4ad4-bb35-c39c6df66cf8" name="the person" identifying-attribute-name="0bdc1d44-9f7a-4a7a-97a1-17e72c697c82" containment-relationship-id="15de187c-a8aa-4d64-ba92-e4ced07a7b6c" containment-parent-id="global">
      <attribute name="0bdc1d44-9f7a-4a7a-97a1-17e72c697c82" type="text" public-name="person" substitutable="true" default-gender="Generic" user-created="true">
        <text>
          <base>the person</base>
        </text>
      </attribute>
      <attribute name="f334d155-3e1f-46a0-9c8d-62c559b470e1" type="number" user-created="true" validation-message="Invalid value.">
        <text>
          <base>the number of hours per week that the person works</base>
        </text>
      </attribute>
      <attribute name="abf0cce4-10e3-45a9-800f-8b631b10ba85" type="boolean" user-created="true" validation-message="Invalid value.">
        <text>
          <base>the person goes to school/training at least 10 hours per week</base>
          <parse>s(ver('12.2.9.975'),v(go,t(simple,present,normal)),sb('the person',singular),o('to school/training at least 10 hours per week'))</parse>
        </text>
      </attribute>
    </entity>
  </entities>
  <relationships>
    <relationship relationship-id="15de187c-a8aa-4d64-ba92-e4ced07a7b6c" reverse-relationship-id="405760db-c37f-4a78-b91e-f7110be60c33" source="global" target="16874da4-8408-4ad4-bb35-c39c6df66cf8" is-containment="true" public-id="" reverse-public-id="" text="the people" reverse-text="" type="OneToMany" is-computed="false" silent-if-known="true" invisible-if-known="true" />
  </relationships>
</root>