{"theme":"","primaryThemeColor":"#1474bf","secondaryThemeColor":"#19739f","tertiaryThemeColor":"#7fbfdf","themeColor":"#19739f","questionPosition":"above","questionWidth":150,"borderColor":"","gutterColor":"#AABED9","pageColor":"white","disabledThemeColor":"#727780","pageWidth":900,"focus":{"outline":"solid 2px #19739f"},"header":{"fontSize":"x-large","fontWeight":"normal","color":"#000","backgroundColor":"#fff","fontStyle":"normal"},"footer":{"fontSize":"small","fontWeight":"normal","color":"#000","backgroundColor":"#fff","fontStyle":"normal"},"interview":{"fontFamily":"Roboto, Arial, Helvetica, sans-serif","fontWeight":"normal","backgroundColor":"white","fontStyle":"normal"},"screenTitle":{"fontSize":"x-large","fontWeight":"bold","color":"#29303f","fontStyle":"normal"},"question":{"fontSize":"14px","fontWeight":"bold","color":"#29303f","fontStyle":"normal"},"control":{"fontSize":"14px","fontWeight":"normal","color":"#29303f","fontStyle":"normal"},"stagesFillColor":"White","stagesTopColor":"White","stagesBottomColor":"White","activeStageColor":"#1474bf","useActiveStageColor":true,"completeStageColor":"#385427","incompleteStageColor":"#7fbfdf","futureStageColor":"#8d8d8d","activeScreenColor":"#1474bf","completeScreenColor":"#385427","incompleteScreenColor":"#7fbfdf","exitFooterFillColor":"#f5f5f5","exitFooterTopColor":"#dddddd","activeStage":{"fontWeight":"normal","color":"#3F3F3F","backgroundColor":"white","fontStyle":"normal"},"incompleteStage":{"fontWeight":"normal","color":"#3F3F3F","backgroundColor":"white","fontStyle":"normal"},"futureStage":{"fontWeight":"normal","color":"#727780","backgroundColor":"White","fontStyle":"normal"},"completeStage":{"fontWeight":"normal","color":"#3F3F3F","backgroundColor":"White","fontStyle":"normal"},"activeScreen":{"fontWeight":"bold","color":"#1474bf","backgroundColor":"white","fontStyle":"normal"},"incompleteScreen":{"fontWeight":"normal","color":"#3F3F3F","backgroundColor":"white","fontStyle":"normal"},"completeScreen":{"fontWeight":"normal","color":"#3f3f3f","backgroundColor":"White","fontStyle":"normal"},"submitProgress":{"fontSize":"large","fontWeight":"normal","color":"Black","backgroundColor":"#ffffff","fontStyle":"normal"},"h1":{"fontSize":"x-large","fontWeight":"normal","fontStyle":"normal"},"h2":{"fontSize":"large","fontWeight":"normal","color":"#2f383c","fontStyle":"normal"},"h3":{"fontSize":"large","fontWeight":"normal","fontStyle":"italic"},"h4":{"fontSize":"medium","fontWeight":"bold","color":"#2f383c","fontStyle":"normal"},"h5":{"fontWeight":"bold","fontStyle":"normal"},"h6":{"fontWeight":"normal","color":"#2f383c","fontStyle":"italic"},"alert":{"fontWeight":"normal","color":"#e50000","fontStyle":"normal"},"comment":{"fontSize":"x-small","fontWeight":"normal","color":"#6f6780","fontStyle":"normal"},"normal":{"fontWeight":"normal","fontStyle":"normal"},"error":{"fontWeight":"normal","color":"#fff","backgroundColor":"#C24839","fontStyle":"normal"},"warning":{"fontWeight":"normal","color":"#fff","backgroundColor":"#B95C00","fontStyle":"normal"},"screenPopup":{"fontWeight":"normal","fontStyle":"normal"},"tableHeader":{"fontWeight":"bold","color":"white","backgroundColor":"#19739f","fontStyle":"normal"},"instanceOdd":{"fontWeight":"normal","color":"black","backgroundColor":"#D3DFEF","fontStyle":"normal"},"instanceEven":{"fontWeight":"normal","color":"black","backgroundColor":"#E9EFF7","fontStyle":"normal"},"addButton.size":"large","addButton":{"fontWeight":"normal","color":"#fff","background":"#1474bf","fontStyle":"normal","border":"none","borderRadius":"6px"},"addButton.active":{"background":"#1474bf","color":"white"},"addButton.hover":{"background":"#438FCB"},"removeButton.size":"large","removeButton":{"fontWeight":"normal","color":"#fff","background":"#1474bf","fontStyle":"normal","border":"none","borderRadius":"6px"},"removeButton.active":{"background":"#1474bf","color":"white"},"removeButton.hover":{"background":"#438FCB"},"removeButtonXColor":"#1474bf","next.size":"large","next":{"fontSize":"16px","fontWeight":"normal","color":"#fff","background":"#1474bf","fontStyle":"normal","border":"none","borderRadius":"6px"},"next.active":{"background":"#1474bf","color":"white"},"next.hover":{"background":"#438FCB"},"back.size":"large","back":{"fontSize":"16px","fontWeight":"normal","color":"#fff","background":"#1474bf","fontStyle":"normal","border":"none","borderRadius":"6px"},"back.active":{"background":"#1474bf","color":"white"},"back.hover":{"background":"#438FCB"},"exit.size":"large","exit":{"fontSize":"16px","fontWeight":"normal","color":"#fff","background":"#1474bf","fontStyle":"normal","border":"none","borderRadius":"6px"},"exit.active":{"background":"#1474bf","color":"white"},"exit.hover":{"background":"#438FCB"},"restart.size":"large","restart":{"fontSize":"16px","fontWeight":"normal","color":"#fff","background":"#1474bf","fontStyle":"normal","border":"none","borderRadius":"6px"},"restart.active":{"background":"#1474bf","color":"white"},"restart.hover":{"background":"#438FCB"},"clearSignatureButton.size":"large","clearSignatureButton":{"fontWeight":"normal","color":"#fff","background":"#1474bf","fontStyle":"normal","border":"none","borderRadius":"6px"},"clearSignatureButton.active":{"background":"#1474bf","color":"white"},"clearSignatureButton.hover":{"background":"#438FCB"},"radioSize":"1.5em","radioDecoration":"circle","checkboxDecoration":"tick"}