<?xml version="1.0" encoding="utf-8"?><rulebase region="en-US" timezone="Etc/GMT"><entity text="Global" name="global" has-public-name="true" singleton="true"><attribute name="617ac2c7-5fa7-443c-a15c-b9356b6298d3" has-public-name="false" type="Boolean" /><attribute name="ac8a44e7-2122-40c0-8b6d-225e585a2c8d" has-public-name="false" type="Boolean" /><attribute name="466b7117-5121-4a82-bb62-0982ba8749e0" has-public-name="false" type="Number" /><attribute name="0ccc0a51-e807-4cf0-8577-74b9f96786fe" has-public-name="false" type="Number" /><attribute name="32ac2443-052e-4e11-bc89-08efd889370e" has-public-name="false" type="Boolean" /><attribute name="8abc7afb-7eb5-4c16-91f9-7fadd7382968" has-public-name="false" type="Boolean" /><attribute name="e47d4846-49e3-4a75-b9b9-b506b5ec6250" has-public-name="false" type="Boolean" /><attribute name="48a658c6-1377-4b03-9afb-754c6991512b" has-public-name="false" type="Boolean" /><attribute name="b5746dab-d502-4c26-98a3-01b9ba3eb195" has-public-name="false" type="Boolean" /><attribute name="9947dd0f-f586-4cfd-9782-070972ac8ec7" has-public-name="false" type="Boolean" /><attribute name="72672259-df76-4c11-83d3-b73839b62c7c" has-public-name="false" type="Boolean" /></entity><entity text="the limitation" name="08851b70-3c7f-4bda-8996-f94cf4de4d8d" has-public-name="false" singleton="false" identifying-attribute-name="limitation"><attribute name="limitation" has-public-name="true" type="Text" /><attribute name="cbad9099-6e5d-4375-80f9-055a67b123be" has-public-name="false" type="Boolean" /><attribute name="849ddb63-1a60-4782-86d5-ecd5b99030cf" has-public-name="false" type="Text" /></entity><relationship relationship-id="7eba422b-1329-4b81-afce-0321455bc5d3" has-public-name="false" relationship-text="the limitations" reverse-relationship-id="434de6ec-3c4d-4aa7-8b02-77d9c3e1df66" has-reverse-public-name="false" source="global" target="08851b70-3c7f-4bda-8996-f94cf4de4d8d" silent-if-known="true" invisible-if-known="true" type="OneToMany" is-containment="true" /><rules module="ThreeOutOfSix:E0F576FF438D3BEA20F7F73813672B53"><conclude attr-id="617ac2c7-5fa7-443c-a15c-b9356b6298d3" entity-id="global" scope-id="global0"><value><true-value /></value><condition><greater-than-equals><attribute attr-id="466b7117-5121-4a82-bb62-0982ba8749e0" /><number-value>3</number-value></greater-than-equals></condition><otherwise><false-value /></otherwise></conclude><table-conclude entity-id="global" scope-id="global0"><condition-col><rows><condition><attribute attr-id="ac8a44e7-2122-40c0-8b6d-225e585a2c8d" /></condition><empty /></rows></condition-col><conclusion-col attr-id="0ccc0a51-e807-4cf0-8577-74b9f96786fe"><value><number-value>1</number-value></value><value><number-value>0</number-value></value></conclusion-col></table-conclude><conclude attr-id="466b7117-5121-4a82-bb62-0982ba8749e0" entity-id="global" scope-id="global0"><value><instance-count-if scope-id="ent0_0"><relationship relationship-id="7eba422b-1329-4b81-afce-0321455bc5d3" target-entity-id="08851b70-3c7f-4bda-8996-f94cf4de4d8d" /><attribute attr-id="cbad9099-6e5d-4375-80f9-055a67b123be" /></instance-count-if></value></conclude><conclude attr-id="cbad9099-6e5d-4375-80f9-055a67b123be" entity-id="08851b70-3c7f-4bda-8996-f94cf4de4d8d" scope-id="ent0_0"><value><true-value /></value><condition><or><equals><attribute attr-id="849ddb63-1a60-4782-86d5-ecd5b99030cf" /><string-value>Self-care</string-value></equals><equals><attribute attr-id="849ddb63-1a60-4782-86d5-ecd5b99030cf" /><string-value>Language</string-value></equals></or></condition><otherwise><false-value /></otherwise></conclude><conclude attr-id="b5746dab-d502-4c26-98a3-01b9ba3eb195" entity-id="global" scope-id="global0"><value><true-value /></value><condition><or><and><not><attribute attr-id="48a658c6-1377-4b03-9afb-754c6991512b" /></not><attribute attr-id="e47d4846-49e3-4a75-b9b9-b506b5ec6250" /><attribute attr-id="8abc7afb-7eb5-4c16-91f9-7fadd7382968" /></and><and><attribute attr-id="48a658c6-1377-4b03-9afb-754c6991512b" /><attribute attr-id="32ac2443-052e-4e11-bc89-08efd889370e" /><or><attribute attr-id="9947dd0f-f586-4cfd-9782-070972ac8ec7" /><attribute attr-id="72672259-df76-4c11-83d3-b73839b62c7c" /></or></and></or></condition><otherwise><false-value /></otherwise></conclude></rules></rulebase>