<?xml version="1.0" encoding="utf-8"?><rulebase region="en-US" timezone="Etc/GMT"><entity text="Global" name="global" has-public-name="true" singleton="true"><attribute name="41e93dd3-2c8a-4307-a194-3dda64a3de35" has-public-name="false" type="Boolean" /><attribute name="b9f1c6f8-7cad-46ed-a675-8a6f33c12455" has-public-name="false" type="Boolean" /><attribute name="251e13ab-94bc-4bdd-8577-0787fc65e5d3" has-public-name="false" type="Boolean" /><attribute name="ce89de58-9dac-4ef2-b415-1002139232ad" has-public-name="false" type="Boolean" /><attribute name="4d171738-733f-4cb9-9f71-4bba4513ca4b" has-public-name="false" type="Boolean" /><attribute name="1b01ce31-1f5e-4c7e-9db3-4454abcd3ecb" has-public-name="false" type="Text" /><attribute name="0414ad4c-f05d-44fd-8657-fa141fc31e4b" has-public-name="false" type="Text" /><attribute name="1bcce33c-2408-4303-847a-17eb277beeab" has-public-name="false" type="Boolean" /></entity><rules module="Class 8 - VA_Home_Loans:0CD1424ED4DA8A38FA6C4E93BE61A804"><conclude attr-id="41e93dd3-2c8a-4307-a194-3dda64a3de35" entity-id="global" scope-id="global0"><value><true-value /></value><condition><or><conclude attr-id="b9f1c6f8-7cad-46ed-a675-8a6f33c12455" entity-id="global" scope-id="global0"><value><true-value /></value><condition><interval-at-least-days><date-value>1964-08-05</date-value><date-value>1975-05-08</date-value><number-value>90</number-value><attribute attr-id="251e13ab-94bc-4bdd-8577-0787fc65e5d3" /></interval-at-least-days></condition><otherwise><false-value /></otherwise></conclude><conclude attr-id="ce89de58-9dac-4ef2-b415-1002139232ad" entity-id="global" scope-id="global0"><value><true-value /></value><condition><interval-sometimes><date-value>1964-08-05</date-value><date-value>1975-05-08</date-value><attribute attr-id="1bcce33c-2408-4303-847a-17eb277beeab" /></interval-sometimes></condition><otherwise><false-value /></otherwise></conclude></or></condition><otherwise><false-value /></otherwise></conclude><conclude attr-id="251e13ab-94bc-4bdd-8577-0787fc65e5d3" entity-id="global" scope-id="global0"><value><true-value /></value><condition><and><attribute attr-id="4d171738-733f-4cb9-9f71-4bba4513ca4b" /><equals><attribute attr-id="1b01ce31-1f5e-4c7e-9db3-4454abcd3ecb" /><string-value>Honorable</string-value></equals></and></condition><otherwise><false-value /></otherwise></conclude><conclude attr-id="1bcce33c-2408-4303-847a-17eb277beeab" entity-id="global" scope-id="global0"><value><true-value /></value><condition><and><attribute attr-id="4d171738-733f-4cb9-9f71-4bba4513ca4b" /><equals><attribute attr-id="1b01ce31-1f5e-4c7e-9db3-4454abcd3ecb" /><string-value>Service-connected disability</string-value></equals></and></condition><otherwise><false-value /></otherwise></conclude><conclude attr-id="4d171738-733f-4cb9-9f71-4bba4513ca4b" entity-id="global" scope-id="global0"><value><true-value /></value><condition><equals><attribute attr-id="0414ad4c-f05d-44fd-8657-fa141fc31e4b" /><string-value>Vietnam</string-value></equals></condition><otherwise><false-value /></otherwise></conclude></rules></rulebase>