{"jan-full":"Enero","feb-full":"Febrero","mar-full":"Marzo","apr-full":"Abril","may-full":"Mayo","jun-full":"Junio","jul-full":"Julio","aug-full":"Agosto","sep-full":"Septiembre","oct-full":"Octubre","nov-full":"Noviembre","dec-full":"Diciembre","jan-short":"Ene","feb-short":"Feb","mar-short":"Mar","apr-short":"Abr","may-short":"Mayo","jun-short":"Jun","jul-short":"Jul","aug-short":"Ago","sep-short":"Sep","oct-short":"Oct","nov-short":"Nov","dec-short":"Dic","mon-full":"Lunes","tue-full":"Martes","wed-full":"Mi\u00E9rcoles","thu-full":"Jueves","fri-full":"Viernes","sat-full":"S\u00E1bado","sun-full":"Domingo","mon-short":"Lun","tue-short":"Mar","wed-short":"Mi\u00E9","thu-short":"Jue","fri-short":"Vie","sat-short":"S\u00E1b","sun-short":"Dom","mon-min":"L","tue-min":"M","wed-min":"X","thu-min":"J","fri-min":"V","sat-min":"D","sun-min":"D","calendar-icon-text":"Haga clic para abrir el calendario.","default-day-hint":"dd","default-month-hint":"mm","default-year-hint":"aaaa","default-hour-hint":"hh","default-minute-hint":"mm","default-second-hint":"ss","default-meridiem-hint":"am\/pm","pagedir-right-to-left":false,"delete-instance-text":"Eliminar","add-button-text":"Agregar nueva instancia","add-button-text-short":"Agregar","submit-button-text":"Enviar","next-button-text":"Siguiente","back-button-text":"Atr\u00E1s","signature-button-clear-text":"Borrar","day-selection-alt":"seleccione el d\u00EDa del mes","month-selection-alt":"seleccione el mes del a\u00F1o","year-selection-alt":"seleccione el a\u00F1o","tree-collapse-alt":"Haga clic para reducir nodo","tree-expand-alt":"Haga clic para ampliar nodo","decision-report-already-proven":"(Consulte la informaci\u00F3n anterior como prueba)","searching-combo-trigger-tooltip":"Mostrar todos los elementos","captcha-image-alt-text":"Verificaci\u00F3n de imagen CAPTCHA","captcha-audio-alt-text":"Haga clic para reproducir una versi\u00F3n sonora de este CAPTCHA","mandatory-icon-alt-text":"Esta pregunta es obligatoria","complete-screen-image-alt":"Esta pantalla se ha completado.","complete-stage-image-alt":"Esta etapa se ha finalizado","incomplete-screen-image-alt":"Esta pantalla no est\u00E1 completa","incomplete-stage-image-alt":"Esta etapa no est\u00E1 finalizada","submit-progress-text":"No salga de esta pantalla hasta que se hayan enviado los datos.","submit-progress-image-alt":"Indicador de progreso","checkpoint-option-screen-title":"Opciones de punto de control para ${rulebase}","checkpoint-exists-text":"Existe un punto de control para esta entrevista.","checkpoint-resume-button":"Continuar","checkpoint-ignore-text":"Me gustar\u00EDa {0}volver a empezar{1} (y sobrescribir el punto de control existente).","ControlValueFormatError":"Este valor tiene un formato no v\u00E1lido.","CurrencyValueFormatError":"Este valor de moneda tiene un formato no v\u00E1lido. Introduzca un valor con el formato '${e.getExample()}'.","NumberValueFormatError":"Este valor de n\u00FAmero tiene un formato no v\u00E1lido. Introduzca un valor con el formato '${e.getExample()}'.","DateTimeValueFormatError":"Este valor tiene un formato no v\u00E1lido. Los valores de fecha y hora deben introducirse con el formato '${e.getFormat()}'; por ejemplo: '${e.getExample()}'.","TimeValueFormatError":"Este valor tiene un formato no v\u00E1lido. Los valores de hora deben introducirse con el formato '${e.getFormat()}'; por ejemplo: '${e.getExample()}'.","DateValueFormatError":"Este valor tiene un formato no v\u00E1lido. Los valores de fecha deben introducirse con el formato '${e.getFormat()}'; por ejemplo: '${e.getExample()}'.","InvalidDateError":"La fecha introducida no existe o bien es anterior al a\u00F1o 1 o posterior al a\u00F1o 9999. Los valores deben introducirse con el formato '${e.getFormat()}'; por ejemplo '${e.getExample()}'.","InvalidDateTimeError":"La fecha y hora introducidas no existen en la zona horaria '${e.getTimeZone()}'.","AttributeValueTypeError":"Este valor no es de tipo correcto.","AttributeValueResetError":"Este valor no es v\u00E1lido para el valor principal indicado.","AttributeValueError":"Este valor no es v\u00E1lido.","MissingValueError":"Este valor es obligatorio.","SignatureBlankError":"Falta firma obligatoria.","SeedDataError":"Se produjo un error al cargar datos y no se puede crear la sesi\u00F3n.<br\/>Para obtener m\u00E1s ayuda, p\u00F3ngase en contacto con el servicio de soporte.","DynamicDataLoadError":"Se ha producido un error al intentar cargar datos de forma din\u00E1mica en la sesi\u00F3n.<br\/>Para obtener m\u00E1s ayuda, p\u00F3ngase en contacto con el servicio de asistencia.","DataSaveError":"Se produjo un error al guardar los datos.<br\/>Para obtener m\u00E1s ayuda, p\u00F3ngase en contacto con el servicio de asistencia.","SessionResumeError":"Se ha producido un error al intentar la reanudaci\u00F3n.","InvalidValueChangeWarning":"No se puede cambiar el valor de un control oculto o de solo lectura. Se desechar\u00E1 este valor.","CaptchaValidationError":"CAPTCHA introducido no v\u00E1lido. Int\u00E9ntelo nuevamente.","AlreadySubmittedError":"Esta entrevista ya se ha enviado.","MissingAttachmentError":"Debe proporcionar al menos un anexo.","AttachmentEmptyError":"El archivo '${e.getFilename()}' no se pudo anexar porque no contiene datos.","AttachmentExceedsLimitError":"El archivo '${e.getFilename()}' no se pudo anexar porque supera los ${e.getMaxSizeMb()} MB.","AttachmentsExceedLimitError":"El tama\u00F1o total de los anexos para la entrevista supera los ${e.getMaximumTotalMbLimit()} MB.<br\/> Revise los anexos.","AttachmentNameTooLongError":"No se pudo anexar el archivo '${e.getFilename()}' porque su nombre de archivo supera los ${e.getMaxChars()} caracteres.","AttachmentNotAllowedError":"El archivo '${e.getFileName()}' no es v\u00E1lido. Solo se permiten los anexos con las siguientes extensiones: ${e.getAllowableExtensions()}.","SeedNoAttributeError":"No se pudo identificar el atributo '${e.attributeName}' que va a predefinirse (OPA-SEED-101)","SeedBadValueError":"El atributo '${e.attributeName}' no pudo predefinirse con el valor '${e.attributeValue}' (OPA-SEED-102)","SeedNotSeedableError":"El atributo '${e.attributeName}' no puede predefinirse porque no est\u00E1 marcado como predefinible (OPA-SEED-103)","SeedNotAllowedError":"El atributo '${e.attributeName}' no puede predefinirse (OPA-SEED-199)","SeedInvalidFormatError":"Los datos iniciales suministrados tienen un formato no v\u00E1lido (OPA-SEED-104)","LocaleNotSupportedError":"El modelo de pol\u00EDtica \"${e.getRulebaseIdentifier()}\" no soporta la configuraci\u00F3n regional: \"${e.getLocale()}\"","NullTemplateError":"El documento solicitado no existe.","DocumentGenerationServerError":"No se pudo establecer contacto con el servidor de generaci\u00F3n de documento.","MissingTemplateError":"No se puede generar el informe debido a que no se encuentra una plantilla de documento.","DocumentGenerationError":"Se ha producido un error al generar el documento.","InvalidRequestError":"Esta solicitud no es v\u00E1lida.","NoActiveSessionError":"Esta sesi\u00F3n de entrevista a caducado.<br \/><br \/>Haga clic <a href=\"${e.startSessionLink()}\">aqu\u00ED<\/a> para iniciar una nueva entrevista.","GenericErrorMessage":"Se produjo un error al intentar procesar la solicitud.<br\/>Para obtener m\u00E1s ayuda, p\u00F3ngase en contacto con el servicio de asistencia.","RenderScreenError":"Se produjo un error al intentar presentar esta pantalla.","ServiceCloudConnectorError":"Se produjo un error al cargar o guardar datos.<br\/>Para obtener m\u00E1s ayuda, p\u00F3ngase en contacto con el servicio de asistencia.","ContactSaveError":"Error al guardar el contacto. Compruebe que ha indicado una direcci\u00F3n de correo electr\u00F3nico v\u00E1lida que no utilice otro usuario.","MissingAgentAuthenticationError":"Esta entrevista solo pueden utilizarla agentes conectados al escritorio de agente de Service Cloud.","MissingContactAuthenticationError":"Esta entrevista solo pueden utilizarla contactos conectados al portal de cliente de Service Cloud.","MissingUserAuthenticationError":"Esta entrevista solo pueden utilizarla contactos o agentes conectados.","NoAssociatedContactError":"No se puede iniciar la entrevista: no se ha encontrado ning\u00FAn contacto asociado con la tabla '${e.inputTable()}' mediante la relaci\u00F3n '${e.relationshipName()}'.","RulebaseNotFoundException":"Esta solicitud no es v\u00E1lida.","AuthenticationError":"Acceso denegado.","FourOhFourError":"404 - No se encuentra.","calendar-time-caption":"Hora:","am-meridiem-text":"AM","pm-meridiem-text":"PM","exit-button-text":"Salir","restart-button-text":"Reiniciar","expired-session-header-text":"Sesi\u00F3n caducada","expired-session-message-text":"La sesi\u00F3n ha caducado.","expired-session-button-text":"Salir de entrevista","timeout-warning-header-text":"Advertencia de timeout","timeout-warning-message-text":"La sesi\u00F3n caducar\u00E1 pronto. Siga trabajando para ampliar la sesi\u00F3n.","timeout-warning-button-text":"Seguir trabajando","JSONDateTimeNotExistError":"La fecha y hora introducidas no existen en la zona horaria '${e.getTimeZone()}'.","IncompleteControlError":"Este valor est\u00E1 incompleto. Introduzca un valor para cada entrada.","NoProgressLinearInterviewError":"La entrevista no se puede continuar porque no est\u00E1 finalizada. <br\/>Complete todas las pantallas y regrese a esta para finalizar la entrevista.","InterviewNotCompleteError":"La entrevista no se puede enviar porque no est\u00E1 finalizada.<br\/>Complete todas las pantallas y regrese a esta para finalizar la entrevista.","slider-low-text":"Bajo","slider-high-text":"Alto","hour-selection-alt":"seleccione el valor de hora","minutes-selection-alt":"seleccione el valor de minutos","seconds-selection-alt":"seleccione el valor de segundos","meridiem-selection-alt":"seleccione el valor de AM\/PM","search-results-multiple":"Hay {0} resultados de b\u00FAsqueda; use las teclas de flecha para desplazarse.","search-results-single":"Hay 1 resultado de b\u00FAsqueda; use las teclas de flecha para desplazarse.","explanation-show-details":"Mostrar detalles","explanation-hide-details":"Ocultar detalles","screens-caption-single":"Pantalla {0}","screens-caption-multiple":"Pantalla {0} de {1}","table-remove-instance-heading":"Eliminar","unsaved-text-label":"Puede que esta pantalla contenga datos que no se han guardado.","future-stage-image-alt":"Esta etapa no est\u00E1 disponible","confirm-navigate-header-text":"Confirmar navegaci\u00F3n","confirm-navigate-message-text":"Actualmente esta pantalla contiene errores que impiden guardarla. \u00BFDesea salir de esta pantalla y perder los cambios?","confirm-navigate-ok-button-text":"S\u00ED","confirm-navigate-cancel-button-text":"No","language-menu-alt-text":"Haga clic para cambiar el idioma","optional-icon-alt-text":"Esta pregunta es opcional","error-details":"Mostrar\/ocultar detalles de depuraci\u00F3n:","ExcelTestDataError":"Error al intentar cargar datos de forma din\u00E1mica. Valide los datos de conector de prueba y corrija los errores.","application-name":"","footer-left-text":"","footer-right-text":"","boolean-true":"S\u00ED","boolean-false":"No","boolean-uncertain":"Incierto","boolean-unknown":"Desconocido","output-temporal-separator":"de"}