<?xml version="1.0" encoding="utf-8"?><rulebase region="en-US" timezone="Etc/GMT"><entity text="Global" name="global" has-public-name="true" singleton="true"><attribute name="d9eaffb5-6e20-41ab-86fb-7a83b09c5fd4" has-public-name="false" type="Date" /><attribute name="6d3b2fbd-97f3-4c89-af8d-672170eee7ac" has-public-name="false" type="Date" /><attribute name="bf97dfdd-9a15-42ef-938f-0c4c5096747e" has-public-name="false" type="Boolean" /><attribute name="e9fd6b62-edf8-49ca-95f1-794d7e9a53b0" has-public-name="false" type="Boolean" /><attribute name="d36ed284-d68f-46e1-b32b-9e0572e0835d" has-public-name="false" type="Boolean" /><attribute name="285ec596-b7d6-4a2c-84dc-4ed68eaebf3a" has-public-name="false" type="Boolean" /><attribute name="9c0d2e1c-a470-44ca-b59c-ab5fdb259105" has-public-name="false" type="Boolean" /><attribute name="222d4261-e6b8-4867-8348-f4014797cd7a" has-public-name="false" type="Boolean" /><attribute name="beff379f-2e6c-4e08-a0aa-4160e8892e98" has-public-name="false" type="Boolean" /><attribute name="16735743-7925-4168-867e-69c64b91dee2" has-public-name="false" type="Boolean" /><attribute name="ce92e4ed-4895-491d-9205-344345352859" has-public-name="false" type="Boolean" /><attribute name="7384dbdd-6824-4e93-9759-9d53de723330" has-public-name="false" type="Boolean" /><attribute name="325b89bd-7089-42d1-8e8a-6b28364e2a52" has-public-name="false" type="Boolean" /><attribute name="28673319-6825-4379-9cbc-912ad7d3d150" has-public-name="false" type="Boolean" /><attribute name="615b254b-71e3-48e4-9e50-815794027229" has-public-name="false" type="Boolean" /><attribute name="2f4dd43b-caf5-4db8-8fdb-a539479a5493" has-public-name="false" type="Date" /><attribute name="38269d78-7585-455f-8a90-ddf9d136f428" has-public-name="false" type="Boolean" /></entity><entity text="the interval" name="01e2367f-d048-49ac-97d5-8ac35b45a80f" has-public-name="false" singleton="false" identifying-attribute-name="interval"><attribute name="interval" has-public-name="true" type="Text" /><attribute name="c46d5bbc-35e7-4f3c-aab0-bb97538db185" has-public-name="false" type="Date" /><attribute name="1bf3bfe6-0cdb-4aab-9dae-7a06b74456aa" has-public-name="false" type="Date" /></entity><relationship relationship-id="a1291d2a-95da-415a-b83b-6ced48e1dca0" has-public-name="false" relationship-text="the intervals" reverse-relationship-id="9cb74bec-eea3-42de-831d-61c5516cc2d6" has-reverse-public-name="false" source="global" target="01e2367f-d048-49ac-97d5-8ac35b45a80f" silent-if-known="true" invisible-if-known="true" type="OneToMany" is-containment="true" /><rules module="DACA:ABF4486124B7335D1715C735931C5A8F"><conclude attr-id="28673319-6825-4379-9cbc-912ad7d3d150" entity-id="global" scope-id="global0"><value><true-value /></value><condition><and><attribute attr-id="38269d78-7585-455f-8a90-ddf9d136f428" /><attribute attr-id="beff379f-2e6c-4e08-a0aa-4160e8892e98" /><attribute attr-id="7384dbdd-6824-4e93-9759-9d53de723330" /><attribute attr-id="ce92e4ed-4895-491d-9205-344345352859" /><not><attribute attr-id="16735743-7925-4168-867e-69c64b91dee2" /></not></and></condition><otherwise><false-value /></otherwise></conclude><conclude attr-id="ce92e4ed-4895-491d-9205-344345352859" entity-id="global" scope-id="global0"><value><true-value /></value><condition><interval-always><attribute attr-id="6d3b2fbd-97f3-4c89-af8d-672170eee7ac" /><current-date /><attribute attr-id="222d4261-e6b8-4867-8348-f4014797cd7a" /></interval-always></condition><otherwise><false-value /></otherwise></conclude><conclude attr-id="beff379f-2e6c-4e08-a0aa-4160e8892e98" entity-id="global" scope-id="global0"><value><true-value /></value><condition><greater-than-equals><attribute attr-id="d9eaffb5-6e20-41ab-86fb-7a83b09c5fd4" /><date-value>2016-09-05</date-value></greater-than-equals></condition><otherwise><false-value /></otherwise></conclude><conclude attr-id="325b89bd-7089-42d1-8e8a-6b28364e2a52" entity-id="global" scope-id="global0"><value><true-value /></value><condition><and><attribute attr-id="285ec596-b7d6-4a2c-84dc-4ed68eaebf3a" /><attribute attr-id="9c0d2e1c-a470-44ca-b59c-ab5fdb259105" /><attribute attr-id="615b254b-71e3-48e4-9e50-815794027229" /><attribute attr-id="d36ed284-d68f-46e1-b32b-9e0572e0835d" /><attribute attr-id="e9fd6b62-edf8-49ca-95f1-794d7e9a53b0" /><not><attribute attr-id="16735743-7925-4168-867e-69c64b91dee2" /></not><not><attribute attr-id="bf97dfdd-9a15-42ef-938f-0c4c5096747e" /></not></and></condition><otherwise><false-value /></otherwise></conclude><conclude attr-id="615b254b-71e3-48e4-9e50-815794027229" entity-id="global" scope-id="global0"><value><true-value /></value><condition><interval-always><date-value>2007-06-15</date-value><date-value>2012-06-15</date-value><attribute attr-id="222d4261-e6b8-4867-8348-f4014797cd7a" /></interval-always></condition><otherwise><false-value /></otherwise></conclude><conclude attr-id="bf97dfdd-9a15-42ef-938f-0c4c5096747e" entity-id="global" scope-id="global0"><value><true-value /></value><condition><greater-than><year-difference><attribute attr-id="2f4dd43b-caf5-4db8-8fdb-a539479a5493" /><date-value>2012-06-15</date-value></year-difference><number-value>30</number-value></greater-than></condition><otherwise><false-value /></otherwise></conclude><conclude attr-id="222d4261-e6b8-4867-8348-f4014797cd7a" entity-id="global" scope-id="global0"><value><true-value /></value><condition><temporal-from-range scope-id="ent0_0"><relationship relationship-id="a1291d2a-95da-415a-b83b-6ced48e1dca0" target-entity-id="01e2367f-d048-49ac-97d5-8ac35b45a80f" /><attribute attr-id="c46d5bbc-35e7-4f3c-aab0-bb97538db185" /><attribute attr-id="1bf3bfe6-0cdb-4aab-9dae-7a06b74456aa" /><true-value /></temporal-from-range></condition><otherwise><false-value /></otherwise></conclude></rules></rulebase>