<?xml version="1.0" encoding="utf-8"?><rulebase region="en-US" timezone="Etc/GMT"><entity text="Global" name="global" has-public-name="true" singleton="true"><attribute name="98ea37d5-d91a-4a69-b121-a6aeae94d037" has-public-name="false" type="Boolean" /><attribute name="47a55bfc-7498-4e7e-967f-5f79a565571e" has-public-name="false" type="Boolean" /><attribute name="6b216c88-b052-4a9d-a311-554fea0c17bf" has-public-name="false" type="Boolean" /><attribute name="be5c77fa-7724-4914-bd0d-e082fc9f1544" has-public-name="false" type="Boolean" /><attribute name="d5171efe-8e6d-46e2-be48-f155b9c4e2ac" has-public-name="false" type="Boolean" /><attribute name="3f21a71b-3322-4830-ae9c-0eb907fb07ec" has-public-name="false" type="Boolean" /><attribute name="6c41c6e4-5031-44d3-900f-0b283120be86" has-public-name="false" type="Number" /><attribute name="55d0877f-500d-4b53-94aa-7a8bd788729b" has-public-name="false" type="Number" /><attribute name="40fbb519-8050-4cfa-b335-483848b13ad2" has-public-name="false" type="Number" /><attribute name="82b5888c-bff1-49ac-ac4d-08cb5dc53d03" has-public-name="false" type="Number" /><attribute name="87b30079-e7dd-4e1b-827d-7d90e91db82b" has-public-name="false" type="Boolean" /></entity><rules module="Class 8 - Resident_Alien:7D9548A634A9A9D83194FF3C7F36E3CD"><conclude attr-id="d5171efe-8e6d-46e2-be48-f155b9c4e2ac" entity-id="global" scope-id="global0"><value><true-value /></value><condition><or><attribute attr-id="98ea37d5-d91a-4a69-b121-a6aeae94d037" /><attribute attr-id="3f21a71b-3322-4830-ae9c-0eb907fb07ec" /></or></condition><otherwise><false-value /></otherwise></conclude><conclude attr-id="98ea37d5-d91a-4a69-b121-a6aeae94d037" entity-id="global" scope-id="global0"><value><true-value /></value><condition><interval-sometimes><date-value>2018-01-01</date-value><date-value>2018-12-31</date-value><attribute attr-id="47a55bfc-7498-4e7e-967f-5f79a565571e" /></interval-sometimes></condition><otherwise><false-value /></otherwise></conclude><conclude attr-id="47a55bfc-7498-4e7e-967f-5f79a565571e" entity-id="global" scope-id="global0"><value><true-value /></value><condition><and><attribute attr-id="6b216c88-b052-4a9d-a311-554fea0c17bf" /><not><attribute attr-id="be5c77fa-7724-4914-bd0d-e082fc9f1544" /></not></and></condition><otherwise><false-value /></otherwise></conclude><conclude attr-id="3f21a71b-3322-4830-ae9c-0eb907fb07ec" entity-id="global" scope-id="global0"><value><true-value /></value><condition><greater-than-equals><attribute attr-id="6c41c6e4-5031-44d3-900f-0b283120be86" /><number-value>183</number-value></greater-than-equals></condition><otherwise><false-value /></otherwise></conclude><conclude attr-id="6c41c6e4-5031-44d3-900f-0b283120be86" entity-id="global" scope-id="global0"><value><plus><plus><divide><attribute attr-id="55d0877f-500d-4b53-94aa-7a8bd788729b" /><number-value>6</number-value></divide><divide><attribute attr-id="40fbb519-8050-4cfa-b335-483848b13ad2" /><number-value>3</number-value></divide></plus><attribute attr-id="82b5888c-bff1-49ac-ac4d-08cb5dc53d03" /></plus></value></conclude><conclude attr-id="55d0877f-500d-4b53-94aa-7a8bd788729b" entity-id="global" scope-id="global0"><value><interval-daily-sum-if><date-value>2016-01-01</date-value><date-value>2017-01-01</date-value><number-value>1</number-value><attribute attr-id="87b30079-e7dd-4e1b-827d-7d90e91db82b" /></interval-daily-sum-if></value></conclude><conclude attr-id="40fbb519-8050-4cfa-b335-483848b13ad2" entity-id="global" scope-id="global0"><value><interval-daily-sum-if><date-value>2017-01-01</date-value><date-value>2018-01-01</date-value><number-value>1</number-value><attribute attr-id="87b30079-e7dd-4e1b-827d-7d90e91db82b" /></interval-daily-sum-if></value></conclude><conclude attr-id="82b5888c-bff1-49ac-ac4d-08cb5dc53d03" entity-id="global" scope-id="global0"><value><interval-daily-sum-if><date-value>2018-01-01</date-value><date-value>2019-01-01</date-value><number-value>1</number-value><attribute attr-id="87b30079-e7dd-4e1b-827d-7d90e91db82b" /></interval-daily-sum-if></value></conclude></rules></rulebase>